{"cameraMode":{"drawMode":0,"name":"Shaded","section":"Shading Mode"},"sceneLighting":false,"audioPlay":false,"sceneViewState":{"m_AlwaysRefresh":false,"showFog":true,"showSkybox":false,"showFlares":true,"showImageEffects":true,"showParticleSystems":true,"showVisualEffectGraphs":true,"m_FxEnabled":true},"in2DMode":false,"pivot":{"x":0.14296460151672364,"y":-0.15901505947113038,"z":0.19783127307891847},"rotation":{"x":0.20946164429187776,"y":-0.6791996955871582,"z":0.21211904287338258,"w":0.6706868410110474},"size":1.4142136573791505,"orthographic":false}