{"cameraMode":{"drawMode":0,"name":"Shaded","section":"Shading Mode"},"sceneLighting":false,"audioPlay":false,"sceneViewState":{"m_AlwaysRefresh":false,"showFog":true,"showSkybox":false,"showFlares":true,"showImageEffects":true,"showParticleSystems":true,"showVisualEffectGraphs":true,"m_FxEnabled":true},"in2DMode":false,"pivot":{"x":0.03994178771972656,"y":1.9500000476837159,"z":0.5724585652351379},"rotation":{"x":0.4205687344074249,"y":-0.5685180425643921,"z":0.42082613706588747,"w":0.5681694746017456},"size":4.550593376159668,"orthographic":false}